{"cameraMode":{"drawMode":0,"name":"Shaded","section":"Shading Mode"},"sceneLighting":false,"audioPlay":false,"sceneViewState":{"showFog":true,"showMaterialUpdate":false,"showSkybox":false,"showFlares":true,"showImageEffects":true,"showParticleSystems":true},"in2DMode":false,"pivot":{"x":436.4638366699219,"y":-14.230575561523438,"z":0.0},"rotation":{"x":0.04048900306224823,"y":0.002998247044160962,"z":-0.0001176061196019873,"w":0.9991841912269592},"size":572.2866821289063,"orthographic":true}