{"cameraMode":{"drawMode":0,"name":"Shaded","section":"Shading Mode"},"sceneLighting":false,"audioPlay":false,"sceneViewState":{"showFog":false,"showMaterialUpdate":false,"showSkybox":false,"showFlares":false,"showImageEffects":false,"showParticleSystems":false},"in2DMode":false,"pivot":{"x":6.219864845275879,"y":6.63956356048584,"z":1.3143799304962159},"rotation":{"x":-0.200507253408432,"y":0.7801572680473328,"z":-0.5053647756576538,"w":-0.3095238506793976},"size":3.9543707370758058,"orthographic":false}