{"cameraMode":{"drawMode":0,"name":"Shaded","section":"Shading Mode"},"sceneLighting":false,"audioPlay":false,"sceneViewState":{"showFog":false,"showMaterialUpdate":false,"showSkybox":false,"showFlares":false,"showImageEffects":false,"showParticleSystems":false},"in2DMode":false,"pivot":{"x":130.93792724609376,"y":55.135433197021487,"z":0.756378173828125},"rotation":{"x":0.009309357032179833,"y":0.004494947846978903,"z":-0.00004165632344665937,"w":0.9999482035636902},"size":147.28176879882813,"orthographic":false}